{
  "n_samples": 1600,
  "accuracy": 0.881875,
  "f1_macro": 0.4686150780471604,
  "recall_macro": 0.5,
  "precision_macro": 0.4409375,
  "roc_auc_ovr_macro": 0.5482171449570458,
  "per_class": {
    "No claim": {
      "precision": 0.881875,
      "recall": 1.0,
      "f1": 0.9372301560943208,
      "support": 1411,
      "roc_auc_ovr": 0.5482171449570458
    },
    "Claim": {
      "precision": 0.0,
      "recall": 0.0,
      "f1": 0.0,
      "support": 189,
      "roc_auc_ovr": 0.5482171449570458
    }
  },
  "confusion_matrix": [
    [
      1411,
      0
    ],
    [
      189,
      0
    ]
  ],
  "labels": [
    "No claim",
    "Claim"
  ],
  "model": "random_forest"
}