{
  "n_samples": 2464,
  "accuracy": 0.7573051948051948,
  "f1_macro": 0.3344263211674366,
  "recall_macro": 0.34350480071166944,
  "precision_macro": 0.33966739463313006,
  "roc_auc_ovr_macro": 0.5356248556352207,
  "per_class": {
    "Slight Injury": {
      "precision": 0.8459409594095941,
      "recall": 0.8800383877159309,
      "f1": 0.8626528692380057,
      "support": 2084,
      "roc_auc_ovr": 0.5361659005960198
    },
    "Serious Injury": {
      "precision": 0.15306122448979592,
      "recall": 0.08595988538681948,
      "f1": 0.11009174311926606,
      "support": 349,
      "roc_auc_ovr": 0.5471946188705319
    },
    "Fatal Injury": {
      "precision": 0.02,
      "recall": 0.06451612903225806,
      "f1": 0.030534351145038167,
      "support": 31,
      "roc_auc_ovr": 0.5235140474391101
    }
  },
  "confusion_matrix": [
    [
      1834,
      165,
      85
    ],
    [
      306,
      30,
      13
    ],
    [
      28,
      1,
      2
    ]
  ],
  "labels": [
    "Slight Injury",
    "Serious Injury",
    "Fatal Injury"
  ],
  "model": "random_forest_tuned"
}