{
  "n_samples": 2464,
  "accuracy": 0.744724025974026,
  "f1_macro": 0.32753438417447595,
  "recall_macro": 0.3369560653614228,
  "precision_macro": 0.3301800696055058,
  "roc_auc_ovr_macro": 0.5339293997446186,
  "per_class": {
    "Slight Injury": {
      "precision": 0.8422771815212319,
      "recall": 0.8661228406909789,
      "f1": 0.8540335935651763,
      "support": 2084,
      "roc_auc_ovr": 0.531691332457824
    },
    "Serious Injury": {
      "precision": 0.12903225806451613,
      "recall": 0.08022922636103152,
      "f1": 0.0989399293286219,
      "support": 349,
      "roc_auc_ovr": 0.5415445684055085
    },
    "Fatal Injury": {
      "precision": 0.019230769230769232,
      "recall": 0.06451612903225806,
      "f1": 0.02962962962962963,
      "support": 31,
      "roc_auc_ovr": 0.5285522983705235
    }
  },
  "confusion_matrix": [
    [
      1805,
      189,
      90
    ],
    [
      309,
      28,
      12
    ],
    [
      29,
      0,
      2
    ]
  ],
  "labels": [
    "Slight Injury",
    "Serious Injury",
    "Fatal Injury"
  ],
  "model": "random_forest_tuned"
}