{
  "n_samples": 2464,
  "accuracy": 0.7443181818181818,
  "f1_macro": 0.34729388460320637,
  "recall_macro": 0.34900740072632347,
  "precision_macro": 0.3459044594415774,
  "roc_auc_ovr_macro": 0.5547397791938292,
  "per_class": {
    "Slight Injury": {
      "precision": 0.8558951965065502,
      "recall": 0.8464491362763915,
      "f1": 0.851145958986731,
      "support": 2084,
      "roc_auc_ovr": 0.5491697393676129
    },
    "Serious Injury": {
      "precision": 0.18181818181818182,
      "recall": 0.20057306590257878,
      "f1": 0.1907356948228883,
      "support": 349,
      "roc_auc_ovr": 0.5454090376421656
    },
    "Fatal Injury": {
      "precision": 0.0,
      "recall": 0.0,
      "f1": 0.0,
      "support": 31,
      "roc_auc_ovr": 0.569640560571709
    }
  },
  "confusion_matrix": [
    [
      1764,
      304,
      16
    ],
    [
      277,
      70,
      2
    ],
    [
      20,
      11,
      0
    ]
  ],
  "labels": [
    "Slight Injury",
    "Serious Injury",
    "Fatal Injury"
  ],
  "model": "xgboost_tuned"
}