{
  "model": "baseline",
  "model_version": "0.1.0",
  "created_utc": "2026-06-28T15:01:14.626461+00:00",
  "git_commit": "bae6defa5a5c3c8b6cf05af53d8b595c4363b001",
  "random_state": 42,
  "dataset": {
    "name": "addis",
    "kind": "multiclass",
    "rows": 9852,
    "target": "Accident_severity",
    "classes": [
      "Slight Injury",
      "Serious Injury",
      "Fatal Injury"
    ]
  },
  "features": [
    "driver_age_band",
    "driver_experience",
    "time_of_day",
    "vehicle_type",
    "weather",
    "road_surface",
    "light_condition"
  ],
  "cv": {
    "scheme": "StratifiedKFold",
    "k_folds": 5,
    "shuffle": true,
    "random_state": 42
  },
  "params": {
    "fatal_center": 4.0,
    "scale": 1.0,
    "serious_center": 2.0
  },
  "metrics_cv": {
    "n_samples": 9852,
    "accuracy": 0.7698944376776289,
    "f1_macro": 0.3286960828035846,
    "recall_macro": 0.3311535955877924,
    "precision_macro": 0.33430542744313363,
    "roc_auc_ovr_macro": 0.5054482113745405,
    "per_class": {
      "Slight Injury": {
        "precision": 0.8473230490018149,
        "recall": 0.8966510622974433,
        "f1": 0.8712894383857235,
        "support": 8331,
        "roc_auc_ovr": 0.51355610340126
      },
      "Serious Injury": {
        "precision": 0.14829396325459318,
        "recall": 0.08106169296987087,
        "f1": 0.10482374768089053,
        "support": 1394,
        "roc_auc_ovr": 0.5127154582368852
      },
      "Fatal Injury": {
        "precision": 0.0072992700729927005,
        "recall": 0.015748031496062992,
        "f1": 0.00997506234413965,
        "support": 127,
        "roc_auc_ovr": 0.4900730724854766
      }
    },
    "confusion_matrix": [
      [
        7470,
        641,
        220
      ],
      [
        1229,
        113,
        52
      ],
      [
        117,
        8,
        2
      ]
    ],
    "labels": [
      "Slight Injury",
      "Serious Injury",
      "Fatal Injury"
    ]
  }
}