{
  "n_samples": 2464,
  "accuracy": 0.7564935064935064,
  "f1_macro": 0.3300228533455991,
  "recall_macro": 0.3307461956013617,
  "precision_macro": 0.33052795990904477,
  "roc_auc_ovr_macro": 0.5301547137628427,
  "per_class": {
    "Slight Injury": {
      "precision": 0.8451553082985628,
      "recall": 0.8747600767754319,
      "f1": 0.8597029002593728,
      "support": 2084,
      "roc_auc_ovr": 0.5296406202646733
    },
    "Serious Injury": {
      "precision": 0.14642857142857144,
      "recall": 0.1174785100286533,
      "f1": 0.13036565977742448,
      "support": 349,
      "roc_auc_ovr": 0.5362487891781313
    },
    "Fatal Injury": {
      "precision": 0.0,
      "recall": 0.0,
      "f1": 0.0,
      "support": 31,
      "roc_auc_ovr": 0.5245747318457235
    }
  },
  "confusion_matrix": [
    [
      1823,
      235,
      26
    ],
    [
      307,
      41,
      1
    ],
    [
      27,
      4,
      0
    ]
  ],
  "labels": [
    "Slight Injury",
    "Serious Injury",
    "Fatal Injury"
  ],
  "model": "xgboost"
}