{
  "n_samples": 2464,
  "accuracy": 0.8368506493506493,
  "f1_macro": 0.3159539095984361,
  "recall_macro": 0.33538058652176866,
  "precision_macro": 0.35098524158220584,
  "roc_auc_ovr_macro": 0.5489285751663017,
  "per_class": {
    "Slight Injury": {
      "precision": 0.8470733718054411,
      "recall": 0.986084452975048,
      "f1": 0.9113082039911308,
      "support": 2084,
      "roc_auc_ovr": 0.543023916557228
    },
    "Serious Injury": {
      "precision": 0.20588235294117646,
      "recall": 0.02005730659025788,
      "f1": 0.03655352480417755,
      "support": 349,
      "roc_auc_ovr": 0.5413339023349387
    },
    "Fatal Injury": {
      "precision": 0.0,
      "recall": 0.0,
      "f1": 0.0,
      "support": 31,
      "roc_auc_ovr": 0.562427906606738
    }
  },
  "confusion_matrix": [
    [
      2055,
      26,
      3
    ],
    [
      341,
      7,
      1
    ],
    [
      30,
      1,
      0
    ]
  ],
  "labels": [
    "Slight Injury",
    "Serious Injury",
    "Fatal Injury"
  ],
  "model": "xgboost"
}