{
  "n_samples": 2464,
  "accuracy": 0.7244318181818182,
  "f1_macro": 0.34572746192757803,
  "recall_macro": 0.34991667995754255,
  "precision_macro": 0.3444099378881988,
  "roc_auc_ovr_macro": 0.5455799734359851,
  "per_class": {
    "Slight Injury": {
      "precision": 0.8571428571428571,
      "recall": 0.817658349328215,
      "f1": 0.8369351669941061,
      "support": 2084,
      "roc_auc_ovr": 0.5377228760480857
    },
    "Serious Injury": {
      "precision": 0.17608695652173914,
      "recall": 0.23209169054441262,
      "f1": 0.20024721878862795,
      "support": 349,
      "roc_auc_ovr": 0.5428471756521503
    },
    "Fatal Injury": {
      "precision": 0.0,
      "recall": 0.0,
      "f1": 0.0,
      "support": 31,
      "roc_auc_ovr": 0.5561698686077191
    }
  },
  "confusion_matrix": [
    [
      1704,
      367,
      13
    ],
    [
      265,
      81,
      3
    ],
    [
      19,
      12,
      0
    ]
  ],
  "labels": [
    "Slight Injury",
    "Serious Injury",
    "Fatal Injury"
  ],
  "model": "random_forest_resampled"
}